<?xml version="1.0" encoding="UTF-8"?>
<component name="SliderOpen_Component" extends="Group" xmlns:xsi="http://www.w3.org/2001/XMLSchema-instance" xsi:schemaLocation="https://devtools.web.roku.com/schema/RokuSceneGraph.xsd">
	<script type="text/brightscript" uri="pkg:/components/ItemComponent/SliderOpen_Component.brs" />
	<interface>
		<field id="itemContent" type="node" onChange="showcontent" />
		<field id="width" type="float" onChange="updateLayout" />
		<field id="height" type="float" onChange="updateLayout" />
		<field id="focusPercent" type="float" onChange="focusPercentChanged" />
		<field id="index" type="integer" onChange="showindex" />
		<field id="gridHasFocus" type="bool" onChange="focusPercentChanged" />
	</interface>
	<children>
		<!-- <Label id="title" horizAlign="left" width="350" vertAlign="left" color="#FFFFFF" translation="[0,0]" visible="true"   /> -->
		<Label id="title" vertAlign="left" horizAlign="left" color="#000000" translation="[0,0]" width="300" visible="true">
			<Font role="font" uri="pkg:/components/Fonts/Montserrat-SemiBold.ttf" size="18" />
		</Label>
		<Poster id="poster" loadDisplayMode="scaleToFill" translation="[0,0]" uri="pkg:/images/icons_unfocus48.png" height="40" width="50" visible="true" opacity="1.0" />
		<Poster id="searchIcon" loadDisplayMode="scaleToFill" translation="[30,0]" uri="pkg:/images/search_icon_unFocus24.png" height="40" width="40" visible="true" />
	</children>
</component>
