<?xml version="1.0" encoding="UTF-8"?>
<component name="drop_down_item" extends="Group" xmlns:xsi="http://www.w3.org/2001/XMLSchema-instance" xsi:schemaLocation="https://devtools.web.roku.com/schema/RokuSceneGraph.xsd">
	<script type="text/brightscript" uri="pkg:/components/HomeScreen/ItemLists/drop_down_item.brs" />
	<script type="text/brightscript" uri="pkg:/components/registry.brs" />
	<interface>
		<field id="itemContent" type="node" onChange="showcontent" />
		<field id="width" type="float" onChange="updateLayout" />
		<field id="height" type="float" onChange="updateLayout" />
		<field id="focusPercent" type="float" onChange="focusPercentChanged" />
		<field id="index" type="integer" onChange="showindex" />
		<field id="gridHasFocus" type="bool" onChange="focusPercentChanged" />
	</interface>
	<children>
		<Poster id="bgSelected" width="160" height="44" translation="[0,17.5]" />
  		<Label id="title" vertAlign="center" height="82" horizAlign="center" color="#ffffff" translation="[0,0]" width="300" visible="true">
			<Font role="font" uri="pkg:/components/Fonts/Montserrat-Bold.ttf" size="26" />
		</Label>
	</children>
</component>
