<?xml version="1.0" encoding="UTF-8"?>
<component name="genre_popup" extends="Group" xmlns:xsi="http://www.w3.org/2001/XMLSchema-instance" xsi:schemaLocation="https://devtools.web.roku.com/schema/RokuSceneGraph.xsd">
	<script type="text/brightscript" uri="pkg:/components/HomeScreen/ItemLists/genre_popup.brs" />
	<interface>
		<field id="itemContent" type="node" onChange="showcontent" />
		<field id="width" type="float" onChange="updateLayout" />
		<field id="height" type="float" onChange="updateLayout" />
		<field id="focusPercent" type="float" onChange="focusPercentChanged" />
		<field id="index" type="integer" onChange="showindex" />
		<field id="gridHasFocus" type="bool" onChange="focusPercentChanged" />
	</interface>
	<children>
		<Poster id="bgSelected" uri="pkg:/images/focus_slider_markup.png"  width="300" height="62" translation="[0,0]" />
		<Poster id="itemIcon" width="48" height="48" translation="[45,7]" loadWidth="48" loadHeight="48" loadDisplayMode="scaleToFit => Fill  => or Zoom" />
 		<Label id="title" vertAlign="center" height="48" horizAlign="center" color="#ffffff" translation="[0,7]" width="250" visible="true">
			<Font role="font" uri="pkg:/components/Fonts/Montserrat-Bold.ttf" size="20" />
		</Label>
	</children>
</component>