<?xml version="1.0" encoding="UTF-8"?>
<component name="MarkupScreenItem" extends="Group" xmlns:xsi="http://www.w3.org/2001/XMLSchema-instance" xsi:schemaLocation="https://devtools.web.roku.com/schema/RokuSceneGraph.xsd">
	<script type="text/brightscript" uri="pkg:/components/HomeScreen/ItemLists/MarkupScreenItem.brs" />
	<interface>
		<field id="itemContent" type="node" onChange="showcontent" />
		<field id="width" type="float" onChange="updateLayout" />
		<field id="height" type="float" onChange="updateLayout" />
		<field id="focusPercent" type="float" onChange="focusPercentChanged" />
		<field id="index" type="integer" onChange="showindex" />
		<field id="gridHasFocus" type="bool" onChange="focusPercentChanged" />
	</interface>
	<children>
  		<Poster id="posterBG" uri="pkg:/images/bgRowlist.png" translation="[0,0]" height="225" width="400" loadWidth="400" loadHeight="225" loadDisplayMode="scaleToFit => Fill  => or Zoom" visible="true" opacity="1.0" />
  		<Poster id="poster" translation="[0,0]" height="225" width="400" loadWidth="400" loadHeight="225" loadDisplayMode="scaleToFit => Fill  => or Zoom" visible="true" opacity="1.0" />
 		<Poster id="rounded_image" uri="pkg:/images/grids_rounded_corner_black.png" translation="[0,0]" height="226" width="419" loadWidth="419" loadHeight="226" loadDisplayMode="scaleToFit => Fill  => or Zoom" visible="true" opacity="1.0" />
		<Label id="title" vertAlign="left" horizAlign="left" color="#ffffff" translation="[0,260]" wrap="true" maxLines="2" width="400" visible="true">
			<Font role="font" uri="pkg:/components/Fonts/Montserrat-Bold.ttf" size="26" />
		</Label>
		<Label id="genre" vertAlign="right" horizAlign="right" color="#ffffff" translation="[0,230]" width="400" visible="true">
			<Font role="font" uri="pkg:/components/Fonts/Poppins-Medium.ttf" size="18" />
		</Label>
		<Poster id="focusableposter" translation="[0,0]" height="225" width="400" visible="true" />
	</children>
</component>
