<?xml version="1.0" encoding="UTF-8"?>
<component name="ProfileComponent" extends="Group" xmlns:xsi="http://www.w3.org/2001/XMLSchema-instance" xsi:schemaLocation="https://devtools.web.roku.com/schema/RokuSceneGraph.xsd">
	<script type="text/brightscript" uri="pkg:/components/HomeScreen/ItemLists/ProfileComponent.brs" />
	<interface>
		<field id="itemContent" type="node" onChange="showcontent" />
		<field id="width" type="float" onChange="updateLayout" />
		<field id="height" type="float" onChange="updateLayout" />
		<field id="focusPercent" type="float" onChange="focusPercentChanged" />
		<field id="index" type="integer" onChange="showindex" />
		<field id="gridHasFocus" type="bool" onChange="focusPercentChanged" />
	</interface>
	<script type="text/brightscript">
		<![CDATA[
		sub init()
		
		m.title = m.top.findNode("title")
		m.poster = m.top.findNode("poster")
		m.searchIcon = m.top.findNode("searchIcon")
		m.email = m.top.findNode("email")
		end sub
		
		sub showcontent()
		'?"showcontent::"
		if m.top.itemContent<>invalid
		
		
		
		'm.poster.uri=m.top.content.HDSMALLICONURL
		m.title.text = m.top.itemContent.TITLE
		
		if m.top.itemContent.TITLE ="Profile 1"
		m.poster.uri="pkg:/images/Group 220.png"
		else if m.top.itemContent.TITLE ="Profile 2"
		m.poster.uri="pkg:/images/Group 220.png"
		else if m.top.itemContent.TITLE ="Mark"
		m.poster.uri="pkg:/images/Group 220.png"
		else if m.top.itemContent.TITLE ="Request access"
		m.poster.uri="pkg:/images/add_circle-24px.png"
		else
		m.title.translation=[0,10]
		
		end if
		
		end if
		
		end sub
		sub focusPercentChanged()
		'?"showfocus:";m.top.focusPercent
		'?"m.top.gridHasFocus:";m.top.gridHasFocus
		
		if m.top.gridHasFocus and m.top.focusPercent > 0.5
		m.title.color="#5AA5EF"
		
		
		
		
		else
		m.searchIcon.uri = "pkg:/images/search_icon_unFocus24.png"
		
		
		
		
		
		
		m.title.color="#000000"
		
		
		end if
		
		end sub
		]]>
	</script>
	<children>
		<!-- <Label id="title" horizAlign="left" width="350" vertAlign="left" color="#FFFFFF" translation="[0,0]" visible="true"   /> -->
		<Poster id="poster" translation="[0,0]" height="47" width="47" visible="true" />
		<Label id="title" vertAlign="left" horizAlign="left" color="#000000" translation="[62,8]" width="300" visible="true">
			<Font role="font" uri="pkg:/components/Fonts/Montserrat-Bold.ttf" size="20" />
		</Label>
		<Poster id="searchIcon" loadDisplayMode="scaleToFill" translation="[30,0]" uri="pkg:/images/search_icon_unFocus24.png" height="40" width="40" visible="true" />
	</children>
</component>
