<?xml version="1.0" encoding="UTF-8"?>
<component name="ProfileImageComponent" extends="Group" xmlns:xsi="http://www.w3.org/2001/XMLSchema-instance" xsi:schemaLocation="https://devtools.web.roku.com/schema/RokuSceneGraph.xsd">
	<script type="text/brightscript" uri="pkg:/components/HomeScreen/ItemLists/ProfileImageComponent.brs" />
	<script type="text/brightscript" uri="pkg:/components/registry.brs" />

	<interface>
		<field id="itemContent" type="node" onChange="showcontent" />
		<field id="width" type="float" onChange="updateLayout" />
		<field id="height" type="float" onChange="updateLayout" />
		<field id="focusPercent" type="float" onChange="focusPercentChanged" />
		<field id="index" type="integer" onChange="showindex" />
		<field id="gridHasFocus" type="bool" onChange="focusPercentChanged" />
	</interface>
	<children>
		<!-- <Label id="title" horizAlign="left" width="350" vertAlign="left" color="#FFFFFF" translation="[0,0]" visible="true"   /> -->
		<Poster id="bgAdd" translation="[0,0]" height="238" width="243" visible="true" />
		<!-- <MaskGroup id="exampleMaskGroup" masksize="[ 90, 90 ]" maskOffset="[ 54, 51.5 ]" maskuri="pkg:/images/rounded_image_circle.png"> -->
		<Poster translation="[0, 51.5]" id="poster" opacity="0.6" visible="true" uri="pkg:/images/Group 872.png" loadWidth="173" loadHeight="173" loadDisplayMode="scaleToFit => Fill  => or Zoom" width="173" height="173">
		</Poster>
		<!-- </MaskGroup> -->
		<Poster id="roundedTransparent_Poster" uri="pkg:/images/yourprojector_notselected.png" translation="[0,51.5]" height="173" width="173" visible="true" />
		<Poster id="focusablePoster" translation="[0,51.5]" height="173" width="173" visible="true" />
		<Label id="title" vertAlign="center" horizAlign="center" color="#ffffff" translation="[0,260]" width="173" visible="true">
			<Font role="font" uri="pkg:/components/Fonts/Montserrat-SemiBold.ttf" size="18" />
		</Label>
		<Poster id="searchIcon" translation="[30,0]" uri="pkg:/images/search_icon_unFocus24.png" height="40" width="40" visible="true" />
	</children>
</component>
