<?xml version="1.0" encoding="UTF-8"?>
<component name="SearchItemList" extends="Group" xmlns:xsi="http://www.w3.org/2001/XMLSchema-instance" xsi:schemaLocation="https://devtools.web.roku.com/schema/RokuSceneGraph.xsd">
	<script type="text/brightscript" uri="pkg:/components/HomeScreen/ItemLists/SearchItemList.brs" />
	<interface>
		<field id="itemContent" type="node" onChange="showcontent" />
		<field id="width" type="float" onChange="updateLayout" />
		<field id="height" type="float" onChange="updateLayout" />
		<field id="focusPercent" type="float" onChange="focusPercentChanged" />
		<field id="index" type="integer" onChange="showindex" />
		<field id="gridHasFocus" type="bool" onChange="focusPercentChanged" />
	</interface>
	<children>
		<!-- <Label id="title" horizAlign="left" width="350" vertAlign="left" color="#FFFFFF" translation="[0,0]" visible="true"   /> -->
		<!-- <MaskGroup id="exampleMaskGroup" masksize="[ 255, 138 ]" maskOffset="[ 0, 0 ]" maskuri="pkg:/images/rounded_image_foursides.png"> -->
			<Poster id="posterBG" uri="pkg:/images/bgRowlist.png" translation="[0,0]" width="383" height="206" visible="true" opacity="1.0" loadWidth="383" loadHeight="206" loadDisplayMode="scaleToFit => Fill  => or Zoom" />
		<!-- </MaskGroup> -->
		<!-- <MaskGroup id="exampleMaskGroup" masksize="[ 255, 138 ]" maskOffset="[ 0, 0 ]" maskuri="pkg:/images/rounded_image_foursides.png"> -->
			<Poster id="poster" translation="[0,0]" width="383" height="206" visible="true" opacity="1.0" loadWidth="383" loadHeight="206" loadDisplayMode="scaleToFit => Fill  => or Zoom" />
		<!-- </MaskGroup> -->
		<Poster id="poster_on_corner" translation="[0,0]" height="206" width="383" visible="true"  uri="pkg:/images/grids_rounded_corner.png" />

		<Label id="title" vertAlign="left" horizAlign="left" color="#ffffff" translation="[0,232]" width="320" visible="true">
			<Font role="font" uri="pkg:/components/Fonts/Montserrat-Bold.ttf" size="26" />
		</Label>
		<Label id="genre" vertAlign="right" horizAlign="right" color="#ffffff" translation="[0,210]" width="378" visible="true">
			<Font role="font" uri="pkg:/components/Fonts/Poppins-Medium.ttf" size="18" />
		</Label>
		<Poster id="focusableposter" translation="[0,0]" height="206" width="383" visible="true" />
	</children>
</component>
