<?xml version="1.0" encoding="UTF-8"?>
<component name="slider_listItem" extends="Group" xmlns:xsi="http://www.w3.org/2001/XMLSchema-instance" xsi:schemaLocation="https://devtools.web.roku.com/schema/RokuSceneGraph.xsd">
	<script type="text/brightscript" uri="pkg:/components/HomeScreen/ItemLists/slider_listItem.brs" />
	<interface>
		<field id="itemContent" type="node" onChange="showcontent" />
		<field id="width" type="float" onChange="updateLayout" />
		<field id="height" type="float" onChange="updateLayout" />
		<field id="focusPercent" type="float" onChange="focusPercentChanged" />
		<field id="index" type="integer" onChange="showindex" />
		<field id="gridHasFocus" type="bool" onChange="focusPercentChanged" />
	</interface>
	<children>
		<!-- <Label id="title" horizAlign="left" width="350" vertAlign="left" color="#FFFFFF" translation="[0,0]" visible="true"   /> -->
		<Poster id="poster" translation="[0,0]" height="1080" width="1920" loadWidth="1920" loadHeight="1080" loadDisplayMode="scaleToFit" visible="true" />
		<!-- <Rectangle id="opacity_landingpage" color="#000000" visible="true" opacity="0.6" width="1920" height="1080" /> -->
		<Poster width="1920" height="1080" visible="true" uri="pkg:/images/gradient_detail.png" />
		<Poster width="1920" height="283" visible="true" translation="[0,797]" uri="pkg:/images/overlay_down.png" />
		<Label id="title" vertAlign="left" horizAlign="left" color="#ffffff" translation="[120,220]" width="1100" visible="true">
			<Font role="font" uri="pkg:/components/Fonts/Montserrat-Bold.ttf" size="70" />
		</Label>
		<BusySpinner id="BusySpinner" visible="false" />
	</children>
</component>
