<?xml version="1.0" encoding="UTF-8"?>
<component name="topButton_Component" extends="Group" xmlns:xsi="http://www.w3.org/2001/XMLSchema-instance" xsi:schemaLocation="https://devtools.web.roku.com/schema/RokuSceneGraph.xsd">
	<script type="text/brightscript" uri="pkg:/components/HomeScreen/ItemLists/topButton_Component.brs" />
	<script type="text/brightscript" uri="pkg:/components/registry.brs" />
	<interface>
		<field id="itemContent" type="node" onChange="showcontent" />
		<field id="width" type="float" onChange="updateLayout" />
		<field id="height" type="float" onChange="updateLayout" />
		<field id="focusPercent" type="float" onChange="focusPercentChanged" />
		<field id="index" type="integer" onChange="showindex" />
		<field id="gridHasFocus" type="bool" onChange="focusPercentChanged" />
	</interface>
	<children>
		<Poster id="bgSelected" width="160" height="44" translation="[0,17.5]" />
		<Poster id="itemIcon" width="36" height="36" translation="[45,23]" loadWidth="36" loadHeight="36" loadDisplayMode="scaleToFit => Fill  => or Zoom" />
		<Poster id="circleIcon" visible="false" width="36" uri="pkg:/images/circle_account.png" height="36" translation="[45,23]" loadWidth="36" loadHeight="36" loadDisplayMode="scaleToFit => Fill  => or Zoom" />
		<Label id="title" vertAlign="center" height="82" horizAlign="center" color="#ffffff" translation="[0,0]" width="160" visible="true">
			<Font role="font" uri="pkg:/components/Fonts/Montserrat-Bold.ttf" size="26" />
		</Label>
	</children>
</component>
