<?xml version="1.0" encoding="UTF-8"?>
<!-- ********** Copyright 2016 Roku Corp.  All Rights Reserved. ********** -->
<component name="MainScene" extends="Scene" xmlns:xsi="http://www.w3.org/2001/XMLSchema-instance" xsi:noNamespaceSchemaLocation="https://devtools.web.roku.com/schema/RokuSceneGraph.xsd">
	<!-- importing main handler -->
	<script type="text/brightscript" uri="pkg:/components/MainScene.brs" />
	<script type="text/brightscript" uri="pkg:/components/registry.brs" />

	<children>
		<Rectangle color="#10141c" width="1920" height="1080" />

		<GetStartedScreen id="getStartedScreen" visible="false" />
		<Poster id="secondary_splash" width="1920" height="1080" translation="[0,0]" uri="pkg:/images/splash_fhd.jpg" visible="true" />
		<BusySpinner id="BusySpinner" visible="true" />
				<DynamicKeyboard id="douctKB" domain="email" visible="false" translation="[200, 500]" />

	</children>
</component>
