<?xml version="1.0" encoding="UTF-8"?>
<component name="getEpisodeTask" extends="Task" xmlns:xsi="http://www.w3.org/2001/XMLSchema-instance" xsi:schemaLocation="https://devtools.web.roku.com/schema/RokuSceneGraph.xsd">
	<script type="text/brightscript" uri="pkg:/components/DetailScreen/TaskNode/getEpisodeTask.brs" />
	<script type="text/brightscript" uri="pkg:/components/Fetcher.brs" />
	<interface>
		<field id="response" type="roArray" />
		<field id="url" type="string" />
		<field id="season_id" type="string" />
		<field id="errorMessage" type="string" />
	</interface>
</component>
