<?xml version="1.0" encoding="UTF-8"?>
<component name="GetStartedScreen" extends="Group" xmlns:xsi="http://www.w3.org/2001/XMLSchema-instance" xsi:schemaLocation="https://devtools.web.roku.com/schema/RokuSceneGraph.xsd">
	<script type="text/brightscript" uri="pkg:/components/GetStartedScreen/GetStartedScreen.brs" />
	<script type="text/brightscript" uri="pkg:/components/registry.brs" />
	<interface>
		<!-- WRITE-ONLY. Specifies regular expression for email address validation. -->
		<field id="regexEmail" type="string" value="^[A-Za-z0-9_%+-]+(\.[A-Za-z0-9_%+-]+)*@([A-Za-z0-9-]+\.)+[A-Za-z]{2,6}$" />
		<!-- WRITE-ONLY. Specifies regular expression for password validation. -->
		<field id="regexPassword" type="string" value=".{1,}" />
		<function name="onStartGetStarted" />
		<field id="onLoginSuccess" type="Boolean" alwaysNotify="true" />
		<field id="loginData" type="roAssociativeArray" />
	</interface>
	<children>
		<Rectangle color="#000000" width="1920" height="1080" />
		<Poster id="app_logo" translation="[863, 90]" visible="true" uri="pkg:/images/nslogo.png" width="154" height="149" />
		<Button id="loginButton" focusable="true" iconUri="text" focusedIconUri="" text="" visible="true" showFocusFootprint="true" translation="[719,300]" focusFootprintBitmapUri="pkg:/images/button_not_selecter.png" maxWidth="200" height="65" minWidth="200" focusBitmapUri="pkg:/images/Rectangle.png" >
			<Label id="loginButtonLabel" opacity="1" color="#ffffff" vertAlign="center" horizAlign="center" text="Login" translation="[0,0]" width="140" height="65" visible="true">
				<Font role="font" uri="pkg:/components/Fonts/Inter-Bold.ttf" size="48" />
			</Label>
		</Button>
		<Button id="signupButton" focusable="true" iconUri="text" focusedIconUri="" text="" visible="true" showFocusFootprint="true" translation="[1030,300]" focusFootprintBitmapUri="pkg:/images/button_not_selecter.png" maxWidth="200" height="65" minWidth="200" focusBitmapUri="pkg:/images/Rectangle.png" >
			<Label id="signupButtonLabel" opacity="1" color="#ffffff" vertAlign="center" horizAlign="center" text="Signup" translation="[0,0]" width="165" height="65" visible="true">
				<Font role="font" uri="pkg:/components/Fonts/Inter-Bold.ttf" size="48" />
			</Label>
		</Button>
		<Group id="loginGroup" visible="false">
			<Label id="title_login" color="#D3D3D3" vertAlign="center" opacity="0.3" horizAlign="center" text="Get login to access your account." translation="[686,385]" width="500" visible="true">
				<Font role="font" uri="pkg:/components/Fonts/Inter-Medium.ttf" size="26" />
			</Label>
			<TextEditBox id="email_login" cursorPosition="12" backgroundUri="pkg:/images/edittext_bg.png" width="480" hintText="" height="52" visible="true" textColor="0xC4C4C4ff" translation="[713,480]">
				<Label id="email_loginLabel" horizAlign="left" vertAlign="left" opacity="0.9" color="#8E8E8E" text="   Email Address" translation="[0,10]" width="670" height="28">
					<Font role="font" uri="pkg:/components/Fonts/Inter-Regular.ttf" size="22" />
				</Label>
			</TextEditBox>
			<TextEditBox id="password_login" cursorPosition="12" backgroundUri="pkg:/images/edittext_bg.png" width="480" hintText="" height="52" visible="true" textColor="0xC4C4C4ff" translation="[713,560]">
				<Label id="password_loginLabel" horizAlign="left" vertAlign="left" opacity="0.9" color="#8E8E8E" text="   Password" translation="[0,9]" width="670" height="28">
					<Font role="font" uri="pkg:/components/Fonts/Inter-Regular.ttf" size="22" />
				</Label>
			</TextEditBox>
			<Label id="error_login" color="#ffffff" horizAlign="center" translation="[0,640]" width="1920" height="65" visible="false">
				<Font role="font" uri="pkg:/components/Fonts/Inter-Regular.ttf" size="22" />
			</Label>
			<Button id="dologin_button" focusable="true" iconUri="" focusFootprintBitmapUri="pkg:/images/login_not_selected.png" focusedIconUri="" text="" visible="true" translation="[870,700]" showFocusFootprint="true" maxWidth="180" height="70" minWidth="180" focusBitmapUri="pkg:/images/login_selected.png"  >
			</Button>
			<Label id="text_pressing" color="#ffffff" horizAlign="center" text="By pressing Continue, you agree to our                    and     " translation="[0,834]" width="1920" height="65" visible="true">
				<Font role="font" uri="pkg:/components/Fonts/Inter-Regular.ttf" size="22" />
			</Label>
			<Button id="privacyButton" focusable="true" iconUri="text" focusedIconUri="" text="" visible="true" showFocusFootprint="true" translation="[1100,834]" focusFootprintBitmapUri="pkg:/images/privacy_not_selected.png" maxWidth="82" height="30" minWidth="82" focusBitmapUri="pkg:/images/privacy_selected.png"  >
			</Button>
			<Button id="termsButton" focusable="true" iconUri="text" focusedIconUri="" text="" visible="true" showFocusFootprint="true" translation="[1260,834]" focusFootprintBitmapUri="pkg:/images/terms_not_selected.png" maxWidth="82" height="30" minWidth="82" focusBitmapUri="pkg:/images/terms_selected.png" >
			</Button>
		</Group>
		<Group id="signinGroup" visible="false">
			<Label id="title_signin" color="#ffffff" lineSpacing="0" wrap="true" vertAlign="center" opacity="0.8" horizAlign="center" text="Please sign up at https://stream.notisstudios.com" translation="[0,550]" width="1920" visible="true">
				<Font role="font" uri="pkg:/components/Fonts/Inter-Medium.ttf" size="26" />
			</Label>
			<!-- <TextEditBox id="name_signup" cursorPosition="12" backgroundUri="pkg:/images/edittext_bg.png" width="480" hintText="" height="52" visible="true" textColor="0xC4C4C4ff" translation="[713,480]">
				<Label id="name_signupLabel" horizAlign="left" vertAlign="left" opacity="0.9" color="#8E8E8E" text="   Full name" translation="[0,10]" width="670" height="28">
					<Font role="font" uri="pkg:/components/Fonts/Inter-Regular.ttf" size="22" />
				</Label>
			</TextEditBox>
			<TextEditBox id="email_signup" cursorPosition="12" backgroundUri="pkg:/images/edittext_bg.png" width="480" hintText="" height="52" visible="true" textColor="0xC4C4C4ff" translation="[713,560]">
				<Label id="email_signupLabel" horizAlign="left" vertAlign="left" opacity="0.9" color="#8E8E8E" text="   Email Address" translation="[0,10]" width="670" height="28">
					<Font role="font" uri="pkg:/components/Fonts/Inter-Regular.ttf" size="22" />
				</Label>
			</TextEditBox>
			<TextEditBox id="password_signup" cursorPosition="12" backgroundUri="pkg:/images/edittext_bg.png" width="480" hintText="" height="52" visible="true" textColor="0xC4C4C4ff" translation="[713,640]">
				<Label id="password_signupLabel" horizAlign="left" vertAlign="left" opacity="0.9" color="#8E8E8E" text="   Password" translation="[0,10]" width="670" height="28">
					<Font role="font" uri="pkg:/components/Fonts/Inter-Regular.ttf" size="22" />
				</Label>
			</TextEditBox>
			<TextEditBox id="confirm_password_signup" cursorPosition="12" backgroundUri="pkg:/images/edittext_bg.png" width="480" hintText="" height="52" visible="true" textColor="0xC4C4C4ff" translation="[713,720]">
				<Label id="confirm_password_signupLabel" horizAlign="left" vertAlign="left" opacity="0.9" color="#8E8E8E" text="   Confirm Password" translation="[0,10]" width="670" height="28">
					<Font role="font" uri="pkg:/components/Fonts/Inter-Regular.ttf" size="22" />
				</Label>
			</TextEditBox>
			<Label id="error_signup" color="#ffffff" horizAlign="center" translation="[0,800]" width="1920" height="65" visible="false">
				<Font role="font" uri="pkg:/components/Fonts/Inter-Regular.ttf" size="22" />
			</Label>
			<Button id="dosignin_button" focusable="true" iconUri="" focusFootprintBitmapUri="pkg:/images/continue_not_selected.png" focusedIconUri="" text="" visible="true" translation="[870,870]" showFocusFootprint="true" maxWidth="180" height="70" minWidth="180" focusBitmapUri="pkg:/images/continue_selected.png" >
			</Button> -->
		</Group>
		<BusySpinner id="BusySpinner" visible="false" />
	</children>
</component>
