<?xml version="1.0" encoding="UTF-8"?>
<component name="DetailScreen" extends="Group" xmlns:xsi="http://www.w3.org/2001/XMLSchema-instance" xsi:schemaLocation="https://devtools.web.roku.com/schema/RokuSceneGraph.xsd">
	<script type="text/brightscript" uri="pkg:/components/DetailScreen/DetailScreen.brs" />
	<script type="text/brightscript" uri="pkg:/components/registry.brs" />
	<interface>
		<field id="APIResponse" type="roAssociativeArray" />
		<field id="videoPaymentType" type="String" />
		<field id="videoType" type="String" />
		<field id="profile_id" type="String" />
		<field id="update_duration" type="String" />
		<field id="currentpositiontopost" type="String" />
		<field id="removeDetailScreen" type="Boolean" />
		<field id="episodeClickID" type="String" />
		<field id="episodeClick" type="Boolean" />
		<field id="seasonSelected" type="intarray" alias="seasonMarkupList.itemSelected" alwaysnotify="true" onChange="onSeasonSelected" />
		<field id="episodeSelected" type="intarray" alias="episode_markup.itemSelected" alwaysnotify="true" onChange="onEpisodeSelected" />
		<field id="episodeFocused" type="intarray" alias="episode_markup.itemFocused" alwaysnotify="true" onChange="onEpisodeFocused" />
		<function name="StartDetailFunction" />
	</interface>
	<children>
		<Rectangle width="1920" height="1080" color="#0A0B0F" />
		<Poster id="bgPoster" translation="[0, 0]" visible="true" width="1920" height="1080" loadWidth="1920" loadHeight="1080" loadDisplayMode="scaleToFit">
		</Poster>
		<!-- <Rectangle id="opacity_landingpage" color="#000000" visible="true" opacity="0.6" width="1920" height="1080" /> -->
		<!--
		<Poster id="hero_image" translation="[0, 289]" visible="true" width="1920" height="435" loadWidth="1920" loadHeight="215" loadDisplayMode="scaleToFit => Fill  => or Zoom" uri="pkg:/images/hero_image.png">
		</Poster>
		-->
		<Video id="bgVideoPlayer" retrievingBarVisibilityAuto="false" visible="false" translation="[0, 0]" width="1920" height="1080" />
		<Poster width="1920" height="1080" visible="true" uri="pkg:/images/gradient_detail.png" />
		<Poster width="1920" height="283" visible="true" translation="[0,797]" uri="pkg:/images/overlay_down.png" />
		<Button id="backButton" focusable="true" iconUri="" focusFootprintBitmapUri="pkg:/images/wrongpath.png" focusedIconUri="" text="" visible="true" translation="[107,71]" showFocusFootprint="false" maxWidth="60" height="60" minWidth="60" focusBitmapUri="pkg:/images/wrongPath.png">
			<Poster translation="[0, 0]" id="backButtonIcon" visible="true" uri="pkg:/images/arrow_back.png" width="60.05" height="60.04" blendColor="#ffffff">
			</Poster>
		</Button>
		<Label id="title" maxLines="2" translation="[129, 210]" width="831" wrap="true" vertAlign="center" lineSpacing="0" horizAlign="left" color="#ffffff" visible="true">
			<Font role="font" uri="pkg:/components/Fonts/Helvetica Neu Bold.ttf" size="66" />
		</Label>
		<Label id="yearLabel" translation="[129, 305]" width="991" wrap="true" vertAlign="left" lineSpacing="0" horizAlign="left" color="#ffffff" visible="true">
			<Font role="font" uri="pkg:/components/Fonts/Montserrat-Bold.ttf" size="20" />
		</Label>
		<ScrollableText id="descriptionLabel" translation="[129, 350]" height="156" width="991" vertAlign="left" lineSpacing="0" horizAlign="left" color="#ffffff" visible="true">
			<Font role="font" uri="pkg:/components/Fonts/Montserrat-Bold.ttf" size="24" />
		</ScrollableText>
		<Group id="descp_group" translation="[0, -55]">
			<Button id="playButton" focusable="true" iconUri="" focusFootprintBitmapUri="pkg:/images/play_unfocus.png" focusedIconUri="" text="" visible="false" translation="[133,585]" showFocusFootprint="true" maxWidth="215" height="86" minWidth="215" focusBitmapUri="pkg:/images/play_focus.png">
			</Button>
			<Button id="resumeButton" focusable="true" iconUri="" focusFootprintBitmapUri="pkg:/images/resume_unfocus.png" focusedIconUri="" text="" visible="false" translation="[370,585]" showFocusFootprint="true" maxWidth="287" height="86" minWidth="287" focusBitmapUri="pkg:/images/resume_focus.png">
			</Button>
			<Label id="relatedVideoTitle" text="YOU MAY ALSO LIKE" maxLines="2" translation="[129, 725]" width="831" wrap="true" vertAlign="center" lineSpacing="0" horizAlign="left" color="#ffffff" visible="false">
				<Font role="font" uri="pkg:/components/Fonts/Helvetica Neu Bold.ttf" size="34" />
			</Label>
			<MarkupGrid id="seasonMarkupList" translation="[133,720]" itemComponentName="SeasonComponentList" itemSpacing="[ 20, 0 ]" numRows="1" numColumns="8" itemSize="[320,85]" vertFocusAnimationStyle="floatingFocus" drawFocusFeedback="false" visible="false" />
			<MarkupGrid id="episode_markup" translation="[133,800]" itemComponentName="MarkupScreenItem" itemSpacing="[ 15, 0 ]" numRows="1" numColumns="4" itemSize="[419,290]" vertFocusAnimationStyle="floatingFocus" drawFocusFeedback="false" visible="false" />
			<Label id="no_video_Label" translation="[0, 900]" width="1920" wrap="true" vertAlign="center" lineSpacing="0" horizAlign="center" color="#ffffff" visible="true">
				<Font role="font" uri="pkg:/components/Fonts/Helvetica Neu Bold.ttf" size="32" />
			</Label>
		</Group>
		<Group id="planGroup" visible="false">
			<Poster id="bg_request_access" translation="[428, 260]" visible="true" uri="pkg:/images/bg_request_access.png" width="1065" height="493" />
			<Poster id="logo_image" translation="[910, 300]" visible="true" uri="pkg:/images/nslogo.png" width="100" height="96" />
			<Label translation="[428, 435]" width="1065" wrap="true" vertAlign="center" lineSpacing="0" horizAlign="center" color="#f01c54" text="Please update your plan!" visible="true">
				<Font role="font" uri="pkg:/components/Fonts/Montserrat-Bold.ttf" size="36" />
			</Label>
			<Label translation="[428, 500]" width="1065" wrap="true" vertAlign="center" lineSpacing="0" horizAlign="center" color="#000000" text="Visit: https://www.notisstudios.com/ for more information!" visible="true">
				<Font role="font" uri="pkg:/components/Fonts/Helvetica Neu Regular.ttf" size="26" />
			</Label>
			<Button id="doneButtonPlan" focusable="true" iconUri="" focusFootprintBitmapUri="pkg:/images/black.9.png" focusedIconUri="" text="" visible="true" translation="[892,600]" showFocusFootprint="true" maxWidth="137" height="60" minWidth="137" focusBitmapUri="pkg:/images/blue.9.png">
				<Label id="doneButtonLabel" vertAlign="center" horizAlign="center" text="Done" translation="[0, 0]" height="60" width="137" visible="true">
					<Font role="font" uri="pkg:/components/Fonts/Helvetica Neu Bold.ttf" size="20" />
				</Label>
			</Button>
		</Group>
		<Group id="resumeWatchGroup" visible="false">
			<Rectangle id="opacity_landingpage" color="#000000" visible="true" width="1920" height="1080" />
			<Poster id="bgResumeWatchPopup" translation="[0, 0]" visible="true" width="1920" height="1080"  loadWidth="1920" loadHeight="1080" />
			<Poster width="1920" height="1080" visible="true" uri="pkg:/images/gradient_detail.png" />
			<Poster width="1920" height="283" visible="true" translation="[0,797]" uri="pkg:/images/overlay_down.png" />
			<!-- <Label translation="[428, 750]" width="1065" wrap="true" vertAlign="center" lineSpacing="0" horizAlign="center" color="#f01c54" text="Resume Watching?" visible="true">
				<Font role="font" uri="pkg:/components/Fonts/Montserrat-Bold.ttf" size="36" />
			</Label> -->
			<Label id="titleResumePopup" maxLines="1" translation="[129, 210]" width="1500" wrap="true" vertAlign="center" lineSpacing="0" horizAlign="left" color="#ffffff" visible="true">
				<Font role="font" uri="pkg:/components/Fonts/Helvetica Neu Bold.ttf" size="66" />
			</Label>
			<Label id="yearLabelResumePopup" translation="[129, 305]" width="991" wrap="true" vertAlign="left" lineSpacing="0" horizAlign="left" color="#ffffff" visible="true">
				<Font role="font" uri="pkg:/components/Fonts/Montserrat-Bold.ttf" size="20" />
			</Label>
			<ScrollableText id="descriptionLabelResumePopup" translation="[129, 350]" height="156" width="991" vertAlign="left" lineSpacing="0" horizAlign="left" color="#ffffff" visible="true">
				<Font role="font" uri="pkg:/components/Fonts/Montserrat-Bold.ttf" size="24" />
			</ScrollableText>
			<Button id="playButtonPopup" focusable="true" iconUri="" focusFootprintBitmapUri="pkg:/images/play_unfocus.png" focusedIconUri="" text="" visible="true" translation="[133,585]" showFocusFootprint="true" maxWidth="215" height="86" minWidth="215" focusBitmapUri="pkg:/images/play_focus.png">
			</Button>
			<Button id="resumeButtonPopup" focusable="true" iconUri="" focusFootprintBitmapUri="pkg:/images/resume_unfocus.png" focusedIconUri="" text="" visible="true" translation="[370,585]" showFocusFootprint="true" maxWidth="287" height="86" minWidth="287" focusBitmapUri="pkg:/images/resume_focus.png">
			</Button>
		</Group>
		<Video id="mainVideoPlayer" visible="false" translation="[0, 0]" width="1920" height="1080">
		</Video>
		<Video id="adsVideoPlayer" visible="false" translation="[0, 0]" width="1920" height="1080">
		</Video>
		<Poster id="ad_poster" translation="[0,115]" height="834" width="1920" loadWidth="1920" loadHeight="834" loadDisplayMode="scaleToFit" visible="false" />
		<Label id="bufferingLabel" text="Ad buffering..." translation="[0, 980]" width="1920" wrap="true" vertAlign="center" lineSpacing="0" horizAlign="center" color="#ffffff" visible="false">
			<Font role="font" uri="pkg:/components/Fonts/Montserrat-Medium.ttf" size="22" />
		</Label>
		<Poster id="pause_button" translation="[143,250]" width="128" height="128" visible="false" uri="pkg:/images/pause_button.png" />
		<Poster id="ad_icon" translation="[175,145]" width="64" height="64" visible="false" uri="pkg:/images/ad_icon.png" />
		<BusySpinner id="BusySpinner" visible="false" />
	</children>
</component>
