<?xml version="1.0" encoding="UTF-8"?>
<component name="HomeScreen" extends="Group" xmlns:xsi="http://www.w3.org/2001/XMLSchema-instance" xsi:schemaLocation="https://devtools.web.roku.com/schema/RokuSceneGraph.xsd">
	<script type="text/brightscript" uri="pkg:/components/HomeScreen/HomeScreen.brs" />
	<script type="text/brightscript" uri="pkg:/components/registry.brs" />
	<interface>
		<field id="regexNbr" type="string" value="[0-9]" />
		<field id="profileSelected" type="intarray" alias="changeProfileMarkup.itemSelected" alwaysnotify="true" onChange="onProfileImageSelection" />
		<field id="optionSelected" type="intarray" alias="optionListMarkup.itemSelected" alwaysnotify="true" onChange="onProfileSelected" />
		<field id="switchProfileSelected" type="intarray" alias="switchProfileMarkup.itemSelected" alwaysnotify="true" onChange="onProfileSwitchSelected" />
		<field id="slider_markup" type="intarray" alias="slider_markup.itemFocused" alwaysnotify="true" onChange="onSlider_focused" />
		
	
	
		<field id="drop_down_markup" type="intarray" alias="drop_down_markup.itemSelected" alwaysnotify="true" onChange="ondrop_down_selected" />

		<field id="topButtonSelected" type="intarray" alias="top_buttons_markupLeft.itemSelected" alwaysnotify="true" onChange="onSliderSelectedLeft" />
		<field id="top_buttons_markupRight" type="intarray" alias="top_buttons_markupRight.itemSelected" alwaysnotify="true" onChange="onSliderSelectedRight" />
		<function name="callHomeContentAPI" />
		<function name="createProfileScreen" />
		<field id="genreSelected" type="intarray" alias="genre_popupMarkup.itemSelected" alwaysnotify="true" onChange="onGenrePopUpSelected" />
		<field id="itemSelected" type="intarray" alias="RowList.rowItemSelected" onChange="onItemSelectedRowList" />
		<field id="itemFocused" type="intarray" alias="RowList.rowItemFocused" onChange="onItemFocusedRowList" />
		<field id="markupSelected" type="intarray" alias="otherScreenMarkupList.itemSelected" alwaysnotify="true" onChange="onItemSelectedMarkupList" />
		<field id="markupFocused" type="intarray" alias="otherScreenMarkupList.itemFocused" alwaysnotify="true" onChange="onItemFocusedMarkupList" />

		
		<field id="searchSelected" type="intarray" alias="MarkupGridSearch.itemSelected" alwaysnotify="true" onChange="onSearchItemSelected" />
		<field id="profileListMarkupSelected" type="intarray" alias="profileListMarkup.itemSelected" alwaysnotify="true" onChange="onprofileListMarkup" />
		<field id="onError" type="Boolean" />
	</interface>
	<children>
		<Group id="HomeScreenGroup" visible="false">
			<MarkupGrid id="slider_markup" translation="[0,0]" itemComponentName="slider_listItem" itemSpacing="[ 0, 15 ]" numRows="1" numColumns="2" itemSize="[1920,1080]" horizFocusAnimationStyle="fixedFocuswrap" vertFocusAnimationStyle="fixedFocuswrap" drawFocusFeedback="true" visible="true" />
			<!-- <Video id="bgVideoPlayerSlider" retrievingBarVisibilityAuto="false" visible="false" translation="[0, 0]" width="1920" height="1080" /> -->
			<Group id="howerGroup" visible="true">
				<Timer id="slider_timer" repeat="true" duration="5" />
				<Poster id="bg_slider_poster" width="1920" height="1080" loadWidth="1920" loadHeight="1080" loadDisplayMode="scaleToFit => Fill  => or Zoom" visible="true" />
				<Video id="bgVideoPlayer" retrievingBarVisibilityAuto="false" visible="false" translation="[0, 0]" width="1920" height="1080" />
				<Poster width="1920" height="1080" visible="true" uri="pkg:/images/gradient_detail.png" />
				<Poster width="1920" height="283" visible="true" translation="[0,797]" uri="pkg:/images/overlay_down.png" />
				<Label id="title_slider" translation="[120,220]" width="1600" height="96" wrap="true" vertAlign="left" lineSpacing="0" horizAlign="left" color="#ffffff" visible="true">
					<Font role="font" uri="pkg:/components/Fonts/Helvetica Neu Bold.ttf" size="70" />
				</Label>
			</Group>
			<Button id="playSliderButton" focusable="true" iconUri="" focusFootprintBitmapUri="pkg:/images/red_unselected.png" focusedIconUri="" text="" visible="true" translation="[120,350]" showFocusFootprint="true" maxWidth="250" height="52" minWidth="250" focusBitmapUri="pkg:/images/white_selected.png">
				<Label id="playSliderButtonLabel" vertAlign="center" horizAlign="center" text="PLAY" translation="[0, 13.5]" width="250" visible="true">
					<Font role="font" uri="pkg:/components/Fonts/Helvetica Neu Bold.ttf" size="25" />
				</Label>
			</Button>
			<RowList id="RowList" itemComponentName="RowlistItem" focusBitmapBlendColor="#5AA5EF" visible="true" translation="[123, 470]" numRows="3" drawFocusFeedback="false" itemSpacing="[0, 100]" focusXOffset="[0]" rowFocusAnimationStyle="fixedFocus" rowItemSize="[[400, 225]]" itemSize="[1710, 301]" rowItemSpacing="[[50, 0]]" showRowLabel="true" showRowCounter="true" rowLabelOffset="[[0, 21]]">
				<Font role="rowLabelFont" uri="pkg:/components/Fonts/Montserrat-Bold.ttf" size="35" />
			</RowList>
		</Group>
		<Group id="MarkupScreenGroup" visible="false">
			<Poster id="bg_shows_movie_poster" width="1920" height="1080" loadWidth="1920" loadHeight="1080" loadDisplayMode="scaleToFit => Fill  => or Zoom" visible="true" />

			<Video id="bgVideoPlayerMarkup_Show_Movies" retrievingBarVisibilityAuto="false" visible="false" translation="[0, 0]" width="1920" height="1080" />
			
			<Poster width="1920" height="1080" visible="true" uri="pkg:/images/gradient_detail.png" />
			<Poster width="1920" height="283" visible="true" translation="[0,797]" uri="pkg:/images/overlay_down.png" />
			
			<Label id="titleSelectedScreen" vertAlign="left" horizAlign="left" color="#ffffff" translation="[120,220]" width="900" visible="true">
				<Font role="font" uri="pkg:/components/Fonts/Montserrat-Bold.ttf" size="50" />
			</Label>
			<MarkupGrid id="otherScreenMarkupList" translation="[120,375]" itemComponentName="MarkupScreenItem" itemSpacing="[ 15, 52 ]" numRows="3" numColumns="4" itemSize="[419,290]" vertFocusAnimationStyle="floatingFocus" drawFocusFeedback="false" visible="true" />
			<!-- <Button id="sortGenreButton" focusable="true" iconUri="" focusFootprintBitmapUri="pkg:/images/black.9.png" focusedIconUri="" text="" visible="true" translation="[1600,220]" showFocusFootprint="true" maxWidth="200" height="52" minWidth="200" focusBitmapUri="pkg:/images/blue.9.png">
				<Label id="sortGenreButtonLabel" vertAlign="center" horizAlign="center" text="Sort By" translation="[0, 11.5]" width="200" visible="true">
					<Font role="font" uri="pkg:/components/Fonts/Helvetica Neu Bold.ttf" size="25" />
				</Label>
			</Button> -->
			<!-- <Rectangle id="popupBG" color="#340f1d" translation="[ 1598, 272 ]" height="455" width="201" visible="false"> -->
				<MarkupGrid id="genre_popupMarkup" translation="[30,289]" itemComponentName="genre_popup" itemSpacing="[ 0, 0 ]" numRows="1" numColumns="8" itemSize="[215,60]" horizFocusAnimationStyle="floatingFocus" vertFocusAnimationStyle="floatingFocus" drawFocusFeedback="false" visible="true" />
			<!-- </Rectangle> -->
			<Label id="no_ItemFound" vertAlign="center" horizAlign="center" color="#ffffff" translation="[0,522]" width="1920" visible="false">
				<Font role="font" uri="pkg:/components/Fonts/Montserrat-SemiBold.ttf" size="36" />
			</Label>
		</Group>
		<Group id="searchGroup" visible="false">
			<Rectangle color="#10141c" width="1920" height="1080" />
			<TextEditBox id="searchEditTextBox" width="545" hintText="" height="103" visible="true" textColor="#FFFFFF" translation="[145, 200]">
				<Label id="searchEditTextBoxLabel" horizAlign="left" vertAlign="center" color="#FFFFFF" translation="[41,0]" width="545" height="103">
					<Font role="font" uri="pkg:/components/Fonts/Inter-Medium.ttf" size="49" />
				</Label>
			</TextEditBox>
			<MiniKeyboard id="miniKeyboard" translation="[125, 230]" />
			<Group id="videoGroup" translation="[ 0, -65 ]" visible="false">
				<Label id="resultLabel" visible="false" horizAlign="left" vertAlign="center" color="#FFFFFF" translation="[710,280]" width="900" height="68">
					<Font role="font" uri="pkg:/components/Fonts/Inter-Medium.ttf" size="49" />
				</Label>
				<MarkupGrid id="MarkupGridSearch" itemComponentName="SearchItemList" translation="[ 710, 395 ]" numColumns="3" numRows="3" itemSize="[ 383, 203]" itemSpacing="[ 25, 110 ]" visible="false" vertFocusAnimationStyle="FloatingFocusWrap" drawFocusFeedback="false" />
			</Group>
		</Group>
		<Group id="profile_group" visible="false">
			<Poster id="bgProfile" translation="[1522, 15]" visible="true" uri="pkg:/images/bgProfile.png" width="382" height="465" />
			<Poster translation="[1822.69, 39.8]" id="user_profileIcon" blendColor="#000000" visible="true" uri="pkg:/images/user_profile_icon.png" width="34.48" height="34.48">
			</Poster>
			<Rectangle width="266" translation="[1570.5, 111]" height="2" visible="true" color="#707070" />
			<Label id="headerLabelProfile" vertAlign="right" horizAlign="right" color="#000000" translation="[1570,41]" width="247" visible="true">
				<Font role="font" uri="pkg:/components/Fonts/HelveticaNeue Medium.ttf" size="23" />
			</Label>
			<MarkupGrid visible="false" id="profileListMarkup" translation="[1571,154]" itemComponentName="ProfileComponent" itemSpacing="[ 0, 60 ]" numRows="7" numColumns="1" itemSize="[475,1]" vertFocusAnimationStyle="floatingFocus" drawFocusFeedback="false" />
		</Group>
		<Group id="privacy_terms_group" visible="false">
			<Poster id="bgPrivacy" translation="[428, 237]" visible="true" uri="pkg:/images/bgProfile.png" width="1065" height="384" />
			<Rectangle width="979" translation="[471, 310]" height="2" visible="true" color="#5AA5EF" />
			<Label id="privacy_labelOne" text="Visit                                                         for help and terms." vertAlign="center" horizAlign="center" color="#000000" translation="[0,347]" width="1920" visible="true">
				<Font role="font" uri="pkg:/components/Fonts/HelveticaNeue Medium.ttf" size="26" />
			</Label>
			<Label id="privacy_labelTwo" text="https://www.notisstudios.com/" vertAlign="left" horizAlign="left" color="#5AA5EF" translation="[690,347]" width="816" visible="true">
				<Font role="font" uri="pkg:/components/Fonts/HelveticaNeue Medium.ttf" size="26" />
			</Label>
			<Button id="doneButton_privacy" focusable="true" iconUri="" focusFootprintBitmapUri="pkg:/images/black.9.png" focusedIconUri="" text="" visible="true" translation="[892,500]" showFocusFootprint="true" maxWidth="137" height="60" minWidth="137" focusBitmapUri="pkg:/images/blue.9.png">
				<Label id="doneButton_privacyLabel" vertAlign="center" horizAlign="center" text="Done" translation="[0, 0]" height="60" width="137" visible="true">
					<Font role="font" uri="pkg:/components/Fonts/Helvetica Neu Bold.ttf" size="20" />
				</Label>
			</Button>
		</Group>
		
		<Poster id="logo_Image" width="120" height="116" translation="[110,78]" uri="pkg:/images/nslogo.png" />
		<MarkupGrid id="top_buttons_markupLeft" translation="[310,91.51]" itemComponentName="topButton_Component" itemSpacing="[ 15, 0 ]" numRows="1" numColumns="7" itemSize="[175,85]" vertFocusAnimationStyle="floatingFocus" drawFocusFeedback="false" />
		<MarkupGrid id="top_buttons_markupRight" translation="[1550,113.51]" itemComponentName="topButton_ComponentLeft" itemSpacing="[ 0, 0 ]" numRows="1" numColumns="7" itemSize="[120,85]" vertFocusAnimationStyle="floatingFocus" drawFocusFeedback="false" />
		<Group id="profileList_group" visible="false">
			<Rectangle color="#000000" visible="true" opacity="0.8" width="1920" height="1080" />
			<Label translation="[0, 40]" opacity="0.8" width="1920" wrap="true" vertAlign="center" lineSpacing="0" horizAlign="center" color="#ffffff" text="Switch Your Profile" visible="true">
				<Font role="font" uri="pkg:/components/Fonts/Montserrat-Black.ttf" size="32" />
			</Label>
			<Poster id="bg_image" translation="[640, 90]" visible="true" uri="pkg:/images/bgImage2.png" width="640" height="900" loadWidth="640" loadHeight="900" loadDisplayMode="scaleToFit => Fill  => or Zoom" />
			<MarkupGrid id="switchProfileMarkup" translation="[873.5, 80]" itemComponentName="OptionComponent" itemSpacing="[ 0, 0 ]" numRows="3" numColumns="1" itemSize="[275,290]" vertFocusAnimationStyle="fixedfocus" drawFocusFeedback="false" />
		</Group>
		<Group id="selectionProfile_Group" visible="false">
			<Poster id="bg_image" translation="[0, 0]" visible="true" uri="pkg:/images/bgImage2.png" width="1920" height="1080" loadWidth="1920" loadHeight="1080" loadDisplayMode="scaleToFit => Fill  => or Zoom" />
			<Poster id="logo_Image" width="120" height="116" translation="[900,120]" uri="pkg:/images/nslogo.png" />
			<Label id="title_one" translation="[0, 337]" width="1920" wrap="true" vertAlign="center" lineSpacing="0" horizAlign="center" color="#ffffff" text="Choose Your Profile" visible="true">
				<Font role="font" uri="pkg:/components/Fonts/Montserrat-Black.ttf" size="60" />
			</Label>
			<MarkupGrid id="optionListMarkup" itemComponentName="OptionComponent" itemSpacing="[ 0, 0 ]" numRows="1" numColumns="6" itemSize="[275,290]" vertFocusAnimationStyle="floatingFocus" drawFocusFeedback="false" />
		</Group>
		<Group id="profileEdit_group" visible="false">
			<Poster id="bg_image" translation="[0, 0]" visible="true" uri="pkg:/images/bgImage2.png" width="1920" height="1080" loadWidth="1920" loadHeight="1080" loadDisplayMode="scaleToFit => Fill  => or Zoom" />
			<Poster id="logo_Image" width="120" height="116" translation="[900,55]" uri="pkg:/images/nslogo.png" />
			<Label id="title_one" translation="[0, 200]" width="1920" wrap="true" vertAlign="center" lineSpacing="0" horizAlign="center" color="#ffffff" text="Edit Your Profile" visible="true">
				<Font role="font" uri="pkg:/components/Fonts/Montserrat-Black.ttf" size="50" />
			</Label>
			<Group id="yourProfileImage_group" visible="true" translation="[325,453.5]">
				<Poster translation="[0, 51.5]" id="yourprofileposter" opacity="0.6" visible="true" uri="pkg:/images/Group 872.png" loadWidth="173" loadHeight="173" loadDisplayMode="scaleToFit => Fill  => or Zoom" width="173" height="173">
				</Poster>
				<Poster id="roundedTransparent_Poster" uri="pkg:/images/yourprojector_notselected.png" translation="[0,51.5]" height="173" width="173" visible="true" />
				<Poster id="focusablePoster" translation="[0,51.5]" height="173" width="173" visible="true" />
			</Group>
			<TextEditBox id="nameEditProfile_Editbox" cursorPosition="12" backgroundUri="pkg:/images/edittext_bg.png" width="480" hintText="" height="52" visible="true" textColor="0xC4C4C4ff" translation="[723,300]">
				<Label id="nameEditProfile_Label" horizAlign="left" vertAlign="left" opacity="0.9" color="#8E8E8E" text="Profile Name" translation="[10,10]" width="670" height="28">
					<Font role="font" uri="pkg:/components/Fonts/Inter-Regular.ttf" size="22" />
				</Label>
			</TextEditBox>
			<TextEditBox id="emailEditProfile_Editbox" cursorPosition="12" backgroundUri="pkg:/images/edittext_bg.png" width="480" hintText="" height="52" visible="true" textColor="0xC4C4C4ff" translation="[723,385]">
				<Label id="emailEditProfile_Label" horizAlign="left" vertAlign="left" opacity="0.9" color="#ffffff" text="Email Address" translation="[10,10]" width="670" height="28">
					<Font role="font" uri="pkg:/components/Fonts/Inter-Regular.ttf" size="22" />
				</Label>
			</TextEditBox>
			<TextEditBox id="countryEditProfile_Editbox" cursorPosition="12" backgroundUri="pkg:/images/edittext_bg.png" width="480" hintText="" height="52" visible="true" textColor="0xC4C4C4ff" translation="[723,470]">
				<Label id="countryEditProfile_Label" horizAlign="left" vertAlign="left" opacity="0.9" color="#8E8E8E" text="Country" translation="[10,10]" width="670" height="28">
					<Font role="font" uri="pkg:/components/Fonts/Inter-Regular.ttf" size="22" />
				</Label>
			</TextEditBox>
			<TextEditBox id="cityEditProfile_Editbox" cursorPosition="12" backgroundUri="pkg:/images/edittext_bg.png" width="480" hintText="" height="52" visible="true" textColor="0xC4C4C4ff" translation="[723,555]">
				<Label id="cityEditProfile_Label" horizAlign="left" vertAlign="left" opacity="0.9" color="#8E8E8E" text="City" translation="[10,10]" width="670" height="28">
					<Font role="font" uri="pkg:/components/Fonts/Inter-Regular.ttf" size="22" />
				</Label>
			</TextEditBox>
			<TextEditBox id="zipcodeEditProfile_Editbox" cursorPosition="12" backgroundUri="pkg:/images/edittext_bg.png" width="480" hintText="" height="52" visible="true" textColor="0xC4C4C4ff" translation="[723,640]">
				<Label id="zipcodeEditProfile_Label" horizAlign="left" vertAlign="left" opacity="0.9" color="#8E8E8E" text="Zip Code" translation="[10,10]" width="670" height="28">
					<Font role="font" uri="pkg:/components/Fonts/Inter-Regular.ttf" size="22" />
				</Label>
			</TextEditBox>
			<TextEditBox id="genderEditProfile_Editbox" cursorPosition="12" backgroundUri="pkg:/images/edittext_bg.png" width="480" hintText="" height="52" visible="true" textColor="0xC4C4C4ff" translation="[723,725]">
				<Label id="genderEditProfile_Label" horizAlign="left" vertAlign="left" opacity="0.9" color="#8E8E8E" text="Gender" translation="[10,10]" width="670" height="28">
					<Font role="font" uri="pkg:/components/Fonts/Inter-Regular.ttf" size="22" />
				</Label>
			</TextEditBox>
			<TextEditBox id="ageEditProfile_Editbox" cursorPosition="12" backgroundUri="pkg:/images/edittext_bg.png" width="480" hintText="" height="52" visible="true" textColor="0xC4C4C4ff" translation="[723,810]">
				<Label id="ageEditProfile_Label" horizAlign="left" vertAlign="left" opacity="0.9" color="#8E8E8E" text="Age" translation="[10,10]" width="670" height="28">
					<Font role="font" uri="pkg:/components/Fonts/Inter-Regular.ttf" size="22" />
				</Label>
			</TextEditBox>
			<Group id="drop_down_group" visible="false">
				<Rectangle id="drop_down_rec" translation="[1209,297.91]" width="340" height="568" color="#262626">
					<MarkupGrid visible="true" id="drop_down_markup" translation="[24,-16]" itemComponentName="drop_down_item" itemSpacing="[ 15, 0 ]" numRows="7" numColumns="1" itemSize="[300,85]" vertFocusAnimationStyle="floatingFocus" drawFocusFeedback="false" />
				</Rectangle>
				<Timer id="edit_active_timer" repeat="true" duration="1" />

			</Group>
			<Button id="select_profileButton" focusable="true" iconUri="" focusFootprintBitmapUri="pkg:/images/unselect_profile.png" focusedIconUri="" text="" visible="true" translation="[725,895]" showFocusFootprint="true" maxWidth="180" height="70" minWidth="180" focusBitmapUri="pkg:/images/select_profile.png">
			</Button>
			<Button id="submitProfileInfo_button" focusable="true" iconUri="" focusFootprintBitmapUri="pkg:/images/continue_not_selected.png" focusedIconUri="" text="" visible="true" translation="[1022,895]" showFocusFootprint="true" maxWidth="180" height="70" minWidth="180" focusBitmapUri="pkg:/images/continue_selected.png">
			</Button>
			<Label id="error_profile" color="#ffffff" horizAlign="center" translation="[0,980]" width="1920" height="65" visible="false">
				<Font role="font" uri="pkg:/components/Fonts/Inter-Regular.ttf" size="22" />
			</Label>
			<Group id="change_profile_Group" visible="false">
				<Rectangle id="opacity_change_profile" color="#000000" visible="true" opacity="0.9" width="1920" height="1080" />
				<Label translation="[0, 337]" width="1920" wrap="true" vertAlign="center" lineSpacing="0" horizAlign="center" color="#ffffff" text="Choose Your Profile Image" visible="true">
					<Font role="font" uri="pkg:/components/Fonts/Montserrat-Black.ttf" size="60" />
				</Label>
				<MarkupGrid id="changeProfileMarkup" itemComponentName="ProfileImageComponent" itemSpacing="[ 0, 0 ]" numRows="1" numColumns="6" itemSize="[275,290]" vertFocusAnimationStyle="floatingFocus" drawFocusFeedback="false" />
			</Group>
		</Group>
		<BusySpinner id="BusySpinner" visible="false" />
	</children>
</component>
