<?xml version="1.0" encoding="UTF-8"?>
<component name="add_profile_task" extends="Task" xmlns:xsi="http://www.w3.org/2001/XMLSchema-instance" xsi:schemaLocation="https://devtools.web.roku.com/schema/RokuSceneGraph.xsd">
	<script type="text/brightscript" uri="pkg:/components/TaskNodes/add_profile_task.brs" />
	<script type="text/brightscript" uri="pkg:/components/Fetcher.brs" />
	<script type="text/brightscript" uri="pkg:/components/registry.brs" />

	<interface>
		<field id="response" type="roArray" alwaysNotify="true" />
		<field id="errorMessage" type="string" />
		<field id="logout" type="Boolean" />
		<field id="url" type="string" />
	</interface>
</component>