<?xml version="1.0" encoding="UTF-8"?>
<component name="getDurationTask" extends="Task" xmlns:xsi="http://www.w3.org/2001/XMLSchema-instance" xsi:schemaLocation="https://devtools.web.roku.com/schema/RokuSceneGraph.xsd">
	<script type="text/brightscript" uri="pkg:/components/TaskNodes/getDurationTask.brs" />
	<script type="text/brightscript" uri="pkg:/components/Fetcher.brs" />
	<interface>
		<field id="response" type="roArray" alwaysNotify="true" />
		<field id="errorMessage" type="string" />
		<field id="movie_id" type="string" />
		<field id="user_id" type="string" />
		<field id="url" type="string" />
		<field id="savedTime" type="integer" alwaysNotify="true"/>
		<field id="contentType" type="string" />
		<field id="currentTime" type="string" alwaysNotify="true"/>
		<field id="update_duration" type="string" alwaysNotify="true"/>
		<field id="profile_id" type="string" />
	</interface>
</component>
