<?xml version="1.0" encoding="UTF-8"?>
<component name="getShowDetailTask" extends="Task" xmlns:xsi="http://www.w3.org/2001/XMLSchema-instance" xsi:schemaLocation="https://devtools.web.roku.com/schema/RokuSceneGraph.xsd">
	<script type="text/brightscript" uri="pkg:/components/TaskNodes/getShowDetailTask.brs" />
	<script type="text/brightscript" uri="pkg:/components/Fetcher.brs" />
	<script type="text/brightscript" uri="pkg:/components/registry.brs" />
	<interface>
		<field id="response" type="roAssociativeArray" />
		<field id="url" type="string" />
		<field id="type" type="string" />
		<field id="errorMessage" type="string" />
	</interface>
</component>
