<?xml version="1.0" encoding="UTF-8"?>
<component name="LoginTask" extends="Task" xmlns:xsi="http://www.w3.org/2001/XMLSchema-instance" xsi:schemaLocation="https://devtools.web.roku.com/schema/RokuSceneGraph.xsd">
	<script type="text/brightscript" uri="pkg:/components/TaskNodes/LoginTask.brs" />
	<script type="text/brightscript" uri="pkg:/components/Fetcher.brs" />
	<script type="text/brightscript" uri="pkg:/components/registry.brs" />
	<interface>
		<field id="email" type="string" />
		<field id="password" type="string" />
		<field id="response" type="roAssociativeArray" alwaysNotify="true" />
		<field id="errorMessage" type="string" />
	</interface>
</component>
