<?xml version="1.0" encoding="UTF-8"?>
<component name="SearchTask" extends="Task" xmlns:xsi="http://www.w3.org/2001/XMLSchema-instance" xsi:schemaLocation="https://devtools.web.roku.com/schema/RokuSceneGraph.xsd">
	<interface>
		<field id="searchText" type="String" />
		<field id="response" type="roAssociativeArray" />
		<field id="errorMessage" type="String" />
	</interface>
	<script type="text/brightscript" uri="pkg:/components/registry.brs" />
	<script type="text/brightscript" uri="pkg:/components/Fetcher.brs" />
	<script type="text/brightscript" uri="pkg:/components/TaskNodes/SearchTask.brs" />
</component>
