<?xml version="1.0" encoding="UTF-8"?>
<component name="SignUpTask" extends="Task" xmlns:xsi="http://www.w3.org/2001/XMLSchema-instance" xsi:schemaLocation="https://devtools.web.roku.com/schema/RokuSceneGraph.xsd">
	<script type="text/brightscript" uri="pkg:/components/TaskNodes/SignUpTask.brs" />
 	<script type="text/brightscript" uri="pkg:/components/registry.brs" />
	<interface>
		<field id="fullname" type="string" />
		<field id="email" type="string" />
		<field id="password" type="string" />
		<field id="confirm_password" type="string" />
		<field id="response" type="roAssociativeArray" alwaysNotify="true" />
		<field id="errorMessage" type="string" />
	</interface>
</component>
